train_f1_rozetka,train_f1_tripadvisor_hotels_ukraine,train_f1_tripadvisor_restaurants_ukraine,train_f1_translated==True,train_f1_translated==False,val_f1_rozetka,val_f1_tripadvisor_hotels_ukraine,val_f1_tripadvisor_restaurants_ukraine,val_f1_translated==True,val_f1_translated==False,train_f1,val_f1,train_loss,val_loss,test_f1_rozetka,test_f1_tripadvisor_hotels_ukraine,test_f1_tripadvisor_restaurants_ukraine,test_f1_translated==True,test_f1_translated==False,model
0.7551997753862941,0.6733911955586832,0.6861760552330143,0.7166241194827319,0.7630336464390438,0.7477921282352341,0.6473164018516202,0.6735184894607459,0.7035375162911934,0.7600158982511924,0.7254282287808961,0.7142555438225977,0.787672221660614,0.829850971698761,0.76604813803313,0.6736302226670002,0.6922071129707112,0.7228536294529736,0.7793360272561604,kim_cnn+batch_norm
0.7756096315888549,0.7271561498162482,0.7299479575291595,0.7503601190545449,0.7832413895929625,0.7560876001837766,0.6664581508820218,0.6908311104137246,0.7161422453919196,0.7705087440381558,0.7565978533877403,0.7264594961532659,0.6772615909576416,0.7426228523254395,0.76604813803313,0.6736302226670002,0.6922071129707112,0.7228536294529736,0.7793360272561604,kim_cnn+batch_norm
0.732039677500662,0.7647040425365549,0.7401080077409906,0.7363556184390264,0.7466328711296655,0.6616978916738986,0.6311772801201051,0.6409331031957738,0.6458760007447403,0.6782988871224165,0.7383052624433365,0.6520289636445921,0.6192463040351868,0.8108900785446167,0.76604813803313,0.6736302226670002,0.6922071129707112,0.7228536294529736,0.7793360272561604,kim_cnn+batch_norm
0.8483155567325087,0.8512158886543123,0.8388187143679062,0.8433627556612577,0.8568759008001591,0.7629792230333349,0.6664581508820218,0.6947016057325174,0.7207223980636753,0.7782988871224166,0.8459262639443057,0.7316488158093227,0.5539162158966064,0.7182909250259399,0.76604813803313,0.6736302226670002,0.6922071129707112,0.7228536294529736,0.7793360272561604,kim_cnn+batch_norm
0.8610840801845405,0.8821643599968723,0.8614009623934307,0.8628010397492315,0.8676308334575816,0.7683138496094747,0.6624546478168397,0.6955907735760238,0.7232358964811022,0.7829888712241654,0.8637172747226224,0.7345753507316338,0.4892822206020355,0.7541648745536804,0.76604813803313,0.6736302226670002,0.6922071129707112,0.7228536294529736,0.7793360272561604,kim_cnn+batch_norm
0.634868725412935,0.8109781843771992,0.7366755583451017,0.6970345737563385,0.6360518860891605,0.5150339476236664,0.5711247341423745,0.5552068622835923,0.5371811580711227,0.5171701112877584,0.6854658661497499,0.5333836174385277,0.4330474436283112,1.1849974393844604,0.76604813803313,0.6736302226670002,0.6922071129707112,0.7228536294529736,0.7793360272561604,kim_cnn+batch_norm
0.9045838424896387,0.9333489717726172,0.916568596683927,0.9123124646571364,0.9080761393568908,0.7660421665220277,0.6496934817965719,0.6868037031225482,0.7174827778812141,0.7790143084260732,0.9115088134800612,0.7291597526022024,0.3840862512588501,0.8519225120544434,0.76604813803313,0.6736302226670002,0.6922071129707112,0.7228536294529736,0.7793360272561604,kim_cnn+batch_norm
0.8039926362438462,0.8698725467198374,0.8253373607406245,0.8191166785736725,0.8137170120769346,0.6638674766450559,0.6005254597773051,0.6125320361943616,0.6324334388382051,0.6798092209856915,0.8180923360059134,0.6414240458591041,0.34297260642051697,1.2804650068283079,0.76604813803313,0.6736302226670002,0.6922071129707112,0.7228536294529736,0.7793360272561604,kim_cnn+batch_norm
0.9177224680707149,0.9504574243490501,0.9346984674930696,0.9275410209927883,0.9223994831270812,0.7340088825361172,0.6281746528212185,0.6548982687379047,0.6877117855148017,0.7441971383147854,0.9265656466612864,0.6984311359179364,0.3102148473262787,0.9915806651115416,0.76604813803313,0.6736302226670002,0.6922071129707112,0.7228536294529736,0.7793360272561604,kim_cnn+batch_norm
0.7894023169669493,0.7471889905387442,0.7533866834039438,0.7681624503454582,0.7985388400178919,0.7673183929756497,0.6829726010258976,0.7084052513206758,0.7304784956246508,0.7814785373608903,0.7739249967944125,0.7401568864082064,0.7225672602653503,0.6725481152534485,0.7659460425227801,0.6846384788591443,0.701673640167364,0.7286294529736175,0.7757705411615561,kim_cnn
0.8231868983846319,0.8178278207834858,0.8071878759349338,0.8146998387318224,0.8317081655981314,0.7696411251212415,0.6694607781809083,0.6999320048119672,0.7276857196052876,0.7791732909379968,0.8179263997103657,0.7374566299592699,0.6249611973762512,0.7004985809326172,0.7659460425227801,0.6846384788591443,0.701673640167364,0.7286294529736175,0.7757705411615561,kim_cnn
0.8529258806675877,0.8659160215810462,0.8509401642345311,0.8525129212345742,0.8599274389940857,0.7668334269232733,0.6589515826348055,0.6905695904597521,0.721355427294731,0.776550079491256,0.8539194907264238,0.7318298385880223,0.5348854064941406,0.7650339603424072,0.7659460425227801,0.6846384788591443,0.701673640167364,0.7286294529736175,0.7757705411615561,kim_cnn
0.8753553459019165,0.8902494331065759,0.8763664417595063,0.8767147833816983,0.8805526564286069,0.7635152381438564,0.6600775678718879,0.6861237512422198,0.7184509402345932,0.7725755166931637,0.8774428462600222,0.7287222808870116,0.4584570527076721,0.8613409399986267,0.7659460425227801,0.6846384788591443,0.701673640167364,0.7286294529736175,0.7757705411615561,kim_cnn
0.8928203377500981,0.912487293768082,0.8985367958575239,0.8965579832402104,0.8980468167586104,0.7637449589055083,0.6471912923808333,0.6812594800983315,0.7148203314094208,0.7732114467408585,0.8968404220815954,0.7259013425856087,0.3996334969997406,0.9698694944381714,0.7659460425227801,0.6846384788591443,0.701673640167364,0.7286294529736175,0.7757705411615561,kim_cnn
0.7125327428715459,0.6449761513800922,0.6695499241592133,0.6820829425741007,0.7343074399880721,0.6794629639083158,0.5920180157637933,0.6176055233014279,0.6389685347235152,0.7027821939586646,0.6919901795883271,0.6510785940564188,1.1445242166519165,0.895329475402832,0.6953980448709768,0.625594195646735,0.6457635983263599,0.6640892830526159,0.7091355677046193,kim_cnn+class_weights
0.746113130011135,0.7248416608022521,0.7334327109158427,0.7343915442417022,0.7633815416728791,0.6840573791413549,0.6115350932065557,0.636225744024269,0.6520573450009309,0.7019077901430842,0.7398910854496497,0.6615175742947654,0.9815286993980408,0.8741220831871033,0.6953980448709768,0.625594195646735,0.6457635983263599,0.6640892830526159,0.7091355677046193,kim_cnn+class_weights
0.7625411977908731,0.7630150910939089,0.7677114388827868,0.7609112001098393,0.7776651259877739,0.6765531675940579,0.6104091079694733,0.6305769130184633,0.6466952150437535,0.6921303656597774,0.7640895000037713,0.6553175441243023,0.8201731443405151,0.9258623719215392,0.6953980448709768,0.625594195646735,0.6457635983263599,0.6640892830526159,0.7091355677046193,kim_cnn+class_weights
0.7832796791597405,0.7761044647744155,0.7793556148334118,0.7776523728296864,0.7967894239848914,0.6803563224258512,0.5988990366570749,0.6167163554579215,0.6426736175758704,0.6927662957074722,0.7812827629901721,0.6521798159601749,0.7013548016548157,0.9601194858551024,0.6953980448709768,0.625594195646735,0.6457635983263599,0.6640892830526159,0.7091355677046193,kim_cnn+class_weights
0.8109256700922384,0.8260380014074595,0.8243239709189811,0.8149022966170917,0.8239153123602206,0.6964623002705601,0.6224196171650194,0.6468957581463466,0.6662074101657047,0.7032591414944356,0.8166121088240396,0.673238799215568,0.6183614134788513,0.9881832599639891,0.6953980448709768,0.625594195646735,0.6457635983263599,0.6640892830526159,0.7091355677046193,kim_cnn+class_weights
0.7962077293915331,0.8091484869809993,0.8099076834562478,0.7994829179068181,0.8112718055762638,0.6694062994537749,0.5911422494682848,0.6102306605994038,0.6328616644945075,0.6857710651828299,0.8017193262986401,0.6429023985518177,0.5686026215553284,1.111171007156372,0.6953980448709768,0.625594195646735,0.6457635983263599,0.6640892830526159,0.7091355677046193,kim_cnn+class_weights
0.8204207040235845,0.8371725701774962,0.8317838276060463,0.8242456116671593,0.8320063615128472,0.6853591301240493,0.6034029776054047,0.6238296982059731,0.6478867994786818,0.6997615262321145,0.8257178630422157,0.6577311811736309,0.5356764793395996,1.1281085014343262,0.6953980448709768,0.625594195646735,0.6457635983263599,0.6640892830526159,0.7091355677046193,kim_cnn+class_weights
0.8386929013773542,0.8615216201423099,0.8500183063967781,0.8433418117420918,0.8505640872720044,0.6955434172239522,0.6125359689728512,0.6314660808619698,0.6577918450940234,0.7065977742448329,0.8447119119632527,0.6670538542766632,0.5090680718421936,1.1666513681411743,0.6953980448709768,0.625594195646735,0.6457635983263599,0.6640892830526159,0.7091355677046193,kim_cnn+class_weights
0.8435169911973123,0.8576902025177887,0.8491422145509703,0.8446449889346292,0.8562596292430794,0.6933483077237225,0.6001501313649443,0.6246142580678906,0.6520945820145224,0.7058028616852147,0.8468483417684284,0.6622869211042389,0.4853722751140594,1.2408543825149536,0.6953980448709768,0.625594195646735,0.6457635983263599,0.6640892830526159,0.7091355677046193,kim_cnn+class_weights
0.7895841774958762,0.7475955899601221,0.755361159056436,0.7689583192737581,0.7989662541623179,0.7660676910511001,0.6767171274865508,0.7080914273759088,0.7296592813256376,0.776629570747218,0.7746509680874334,0.7385729370945845,0.720376193523407,0.6723900437355042,0.7656397559917303,0.6806354766074556,0.7061715481171548,0.7299336711879566,0.7735520164804689,kim_cnn+roberta_tokenizer
0.8205706591965594,0.8083509265775276,0.7995318792823892,0.8091310833358544,0.8296804333780627,0.7657103476440859,0.6632053046415614,0.7006119566922956,0.7246136659839881,0.7771065182829888,0.8130293933519886,0.7345753507316338,0.6311467885971069,0.6961502432823181,0.7656397559917303,0.6806354766074556,0.7061715481171548,0.7299336711879566,0.7735520164804689,kim_cnn+roberta_tokenizer
0.8462863760939549,0.8519508953006492,0.8363211988074691,0.8417128402514201,0.8542716564783063,0.7655061514115065,0.6595771299887402,0.6966368533919138,0.7227331967976167,0.7761526232114468,0.8440953077741155,0.7328707195655453,0.5521189570426941,0.75584876537323,0.7656397559917303,0.6806354766074556,0.7061715481171548,0.7299336711879566,0.7735520164804689,kim_cnn+roberta_tokenizer
0.8696538587932755,0.8848854484322466,0.8636500339975941,0.8681580288514121,0.8765965906267084,0.7649446117719129,0.645439759789816,0.6848684554631519,0.7165518525414262,0.7739268680445149,0.8697588643923337,0.7274400362045558,0.4807483553886414,0.8422904014587402,0.7656397559917303,0.6806354766074556,0.7061715481171548,0.7299336711879566,0.7735520164804689,kim_cnn+roberta_tokenizer
0.8861872142476558,0.901962624130112,0.8841597363878864,0.8866422010662782,0.8911883107201432,0.7639746796671602,0.647691730263981,0.6835608556932894,0.7154161236268852,0.7751987281399046,0.8875046198173192,0.726761200784432,0.4256143569946289,0.9406978487968444,0.7656397559917303,0.6806354766074556,0.7061715481171548,0.7299336711879566,0.7735520164804689,kim_cnn+roberta_tokenizer
0.7834870639734292,0.7295644694659474,0.7405395156650453,0.7577719393371019,0.7937577655186123,0.7632599928531318,0.6755911422494683,0.7055285318269784,0.7269223608266617,0.7749602543720191,0.7645986227287469,0.7360386181927893,0.7307319045066833,0.6815458536148071,0.7634191786416192,0.6775081310983238,0.6990062761506276,0.7254806975704278,0.7727596862372237,kim_cnn+roberta_embeddings
0.8017082127576757,0.7648917038079599,0.7677572048747321,0.7818551192756197,0.8114904825803887,0.7653785287661444,0.6680845740022521,0.7031748522412261,0.726214857568423,0.7762321144674086,0.7874770894773759,0.7357067430985067,0.663596510887146,0.6988078951835632,0.7634191786416192,0.6775081310983238,0.6990062761506276,0.7254806975704278,0.7727596862372237,kim_cnn+roberta_embeddings
0.8176321759133706,0.7976073187895848,0.7887441811810241,0.8020124779216186,0.8277024004771134,0.7638215324927256,0.6613286625797573,0.6957476855484074,0.7221187860733569,0.7732909379968204,0.8068859791372819,0.7318298385880223,0.6131877303123474,0.7412285804748535,0.7634191786416192,0.6775081310983238,0.6990062761506276,0.7254806975704278,0.7727596862372237,kim_cnn+roberta_embeddings
0.834200627259298,0.8258816170146219,0.8116337151524662,0.8227283410787049,0.8436061825952984,0.7611414569401196,0.6539472038033279,0.6910926303676971,0.7172779743064607,0.7738473767885534,0.8266889674991138,0.7280132750037714,0.5675716400146484,0.7933604717254639,0.7634191786416192,0.6775081310983238,0.6990062761506276,0.7254806975704278,0.7727596862372237,kim_cnn+roberta_embeddings
0.8491546675940491,0.8480725623582768,0.8312215597050054,0.8404306069780484,0.8584662790119776,0.7580529889223544,0.6491930439134243,0.6861237512422198,0.7132191398249861,0.7709856915739268,0.8438520602499604,0.724181626187962,0.5295604467391968,0.8536979556083679,0.7634191786416192,0.6775081310983238,0.6990062761506276,0.7254806975704278,0.7727596862372237,kim_cnn+roberta_embeddings
0.7919068874091894,0.7258268824771288,0.7505099639102464,0.7656049651051037,0.7993141493961532,0.7702792383480525,0.6843488052045539,0.7151001621423715,0.7350400297896109,0.7822734499205088,0.7719997586381157,0.7440036204555741,0.7000269889831543,0.6506041884422302,0.7701064345695398,0.6911433575181386,0.7086297071129707,0.7342934863616039,0.7792567942318358,kim_cnn_more_layers_spatial_drop
0.8301837429449281,0.7885683008835718,0.8020032428474294,0.8123005964362758,0.8372744893394959,0.7682883250804022,0.6789690979607156,0.7007165646738847,0.7279091416868367,0.7812400635930048,0.8170382634012415,0.7380298687584854,0.5853353142738342,0.7089396715164185,0.7701064345695398,0.6911433575181386,0.7086297071129707,0.7342934863616039,0.7792567942318358,kim_cnn_more_layers_spatial_drop
0.8602832557501428,0.8418328250840567,0.8436437575186988,0.8502509779646701,0.8661100342925302,0.7584613813875134,0.6625797572876266,0.6914587583032585,0.7171662632656862,0.7720190779014309,0.8532595168236776,0.7275758032885805,0.475639283657074,0.8402354121208191,0.7701064345695398,0.6911433575181386,0.7086297071129707,0.7342934863616039,0.7792567942318358,kim_cnn_more_layers_spatial_drop
0.887070992607529,0.8745171631871139,0.878412835399341,0.8812340157172478,0.8908602952139556,0.7592781663178315,0.6659577129988741,0.682253255923427,0.7145038167938931,0.7740858505564387,0.8830601669922538,0.7258108311962589,0.3901335895061493,0.9611142873764038,0.7701064345695398,0.6911433575181386,0.7086297071129707,0.7342934863616039,0.7792567942318358,kim_cnn_more_layers_spatial_drop
0.9058345324429612,0.8993979200875752,0.9029630210785085,0.9030110374454005,0.9094379007007604,0.7533820001020981,0.6541974227449018,0.681207176107537,0.7099981381493204,0.7658982511923688,0.9042302441526312,0.7206064263086439,0.3273974657058716,1.110995888710022,0.7701064345695398,0.6911433575181386,0.7086297071129707,0.7342934863616039,0.7792567942318358,kim_cnn_more_layers_spatial_drop
0.8038650148200378,0.7502854015169287,0.7632002196767613,0.7784249707366907,0.8166492719049749,0.7734698044821073,0.6912298260978356,0.7144725142528375,0.7372928691118971,0.7860095389507155,0.7856763035427399,0.7465379393573691,0.696692705154419,0.651880145072937,0.7726332984507006,0.6936452339254441,0.7058054393305441,0.7352809658667462,0.7802075905237303,kim_cnn_more_layers_word_tokenizer
0.8655029719839069,0.8483540542653843,0.8455201631884512,0.8529969584775167,0.8776402763282143,0.7645617438358262,0.6778431127236332,0.6993043569224332,0.7241109663005025,0.7829888712241654,0.8576719137734667,0.735284356614874,0.5279488563537598,0.733567476272583,0.7726332984507006,0.6936452339254441,0.7058054393305441,0.7352809658667462,0.7802075905237303,kim_cnn_more_layers_word_tokenizer
0.8969680340238717,0.8828680897646415,0.8825186986767091,0.8873985092583757,0.9069131752894986,0.7554750114860382,0.6652070561741524,0.6937601338982164,0.7169614596909328,0.7687599364069951,0.8911005347674252,0.7267913712475487,0.3731228113174439,0.9315158724784852,0.7726332984507006,0.6936452339254441,0.7058054393305441,0.7352809658667462,0.7802075905237303,kim_cnn_more_layers_word_tokenizer
0.9243874969291096,0.9322386425834702,0.9272974527956483,0.9245669844712476,0.9330351374186172,0.7469498187758435,0.6570749405730014,0.6805272242272086,0.7069074660212251,0.7598569157392687,0.9261734335990828,0.7169558002715342,0.28055331110954285,1.125791072845459,0.7726332984507006,0.6936452339254441,0.7058054393305441,0.7352809658667462,0.7802075905237303,kim_cnn_more_layers_word_tokenizer
0.9384035197988686,0.9533818124951129,0.9468787593493384,0.9421133345279123,0.9449629740072562,0.7383991015365766,0.6374327536594521,0.6681834823997072,0.6952150437534909,0.7519077901430843,0.9426539247705176,0.7059737516970885,0.21789783239364624,1.3282308578491209,0.7726332984507006,0.6936452339254441,0.7058054393305441,0.7352809658667462,0.7802075905237303,kim_cnn_more_layers_word_tokenizer
0.7671674744039282,0.6853233247321917,0.7101705110099901,0.7324274700443778,0.7768798767456886,0.7589208229108173,0.6610784436381834,0.6990428369684607,0.7202569353937814,0.7708267090620033,0.7408603042668256,0.7298536732538844,0.8385419249534607,0.684832751750946,0.7671201408918042,0.6861396047035276,0.7020920502092051,0.7297100909226412,0.7764044053561523,kim_cnn_more_layers_word_tokenizer+w2v_embeddings
0.7826830490034362,0.7195871452029088,0.7369109263036768,0.7543929870450224,0.7938273445653794,0.7635918117310737,0.6835981483798323,0.7110727548511951,0.7298827034071868,0.7768680445151034,0.761873873330266,0.7387992155679591,0.6802268028259277,0.6719458699226379,0.7671201408918042,0.6861396047035276,0.7020920502092051,0.7297100909226412,0.7764044053561523,kim_cnn_more_layers_word_tokenizer+w2v_embeddings
0.7940668800071468,0.7329267339119557,0.7491762121449866,0.7664380676674757,0.8049699319119328,0.7679054571443157,0.680220192668585,0.7064700036612793,0.7301805995159188,0.7798887122416535,0.7737477466605319,0.7396138180721074,0.638218104839325,0.6893450617790222,0.7671201408918042,0.6861396047035276,0.7020920502092051,0.7297100909226412,0.7764044053561523,kim_cnn_more_layers_word_tokenizer+w2v_embeddings
0.8083700510804749,0.7593400578622254,0.7684371567550604,0.7836656047323949,0.8220167983698624,0.7670120986267803,0.6805955210809458,0.7008734766462681,0.7271085458946193,0.7819554848966613,0.7909410096469328,0.7375169708855029,0.5979334712028503,0.7164199352264404,0.7671201408918042,0.6861396047035276,0.7020920502092051,0.7297100909226412,0.7764044053561523,kim_cnn_more_layers_word_tokenizer+w2v_embeddings
0.8283364228353014,0.7881460630229103,0.7953017940268843,0.806759766265862,0.8447293872073952,0.7630047475624074,0.6733391717753033,0.692975574036299,0.7214299013219141,0.7771065182829888,0.8139627850144442,0.7319957761351636,0.5596769452095032,0.7617773413658142,0.7671201408918042,0.6861396047035276,0.7020920502092051,0.7297100909226412,0.7764044053561523,kim_cnn_more_layers_word_tokenizer+w2v_embeddings
0.8445571058013509,0.8138243803268433,0.8173871541398607,0.8264051624433639,0.8612494408826599,0.7632344683240593,0.6723382960090079,0.7000889167843507,0.7234220815490597,0.7794912559618441,0.833015288766867,0.7340624528586513,0.5201363563537598,0.7877750396728516,0.7671201408918042,0.6861396047035276,0.7020920502092051,0.7297100909226412,0.7764044053561523,kim_cnn_more_layers_word_tokenizer+w2v_embeddings
0.8571405781888606,0.8271014152787551,0.8311757937130603,0.8393159250580029,0.8747080165001739,0.7611925059982644,0.6654572751157263,0.6909357183953135,0.7187860733569167,0.7746422893481717,0.8460299741290229,0.729386031075577,0.4849609732627869,0.873744010925293,0.7671201408918042,0.6861396047035276,0.7020920502092051,0.7297100909226412,0.7764044053561523,kim_cnn_more_layers_word_tokenizer+w2v_embeddings
,,,,,,,,,,,,,,0.7649506112968683,0.6845133850387791,0.7125,,,kim_cnn_more_layers_different_datasets
0.7822746604472494,0.7067636249902259,0.7331058109733772,0.7514329131362588,0.7912628596988222,0.77025371381898,0.6824721631427499,0.7105497149432501,0.7330478495624649,0.7825914149443561,0.7589888445554038,0.7424498416050686,0.7215566635131836,0.6538739800453186,0.7691365272212153,0.6963972979734802,0.7122907949790795,0.7353741243106274,0.7805245226210286,lstm
0.8041170671320594,0.7481272968957698,0.7701958784455254,0.781620081960537,0.8130510412007356,0.7732145591913829,0.6917302639809834,0.7127464825566191,0.7364364177992925,0.7865659777424482,0.7875826853018155,0.7459496153265953,0.613010585308075,0.6599891185760498,0.7691365272212153,0.6963972979734802,0.7122907949790795,0.7353741243106274,0.7805245226210286,lstm
0.8202547961726335,0.7702556884822893,0.7895745070348867,0.8001228709924394,0.8278216788429998,0.7702792383480525,0.6839734767921931,0.7110727548511951,0.7338670638614783,0.7809220985691574,0.8053774673595764,0.7427968019309097,0.5458831787109375,0.7534370422363281,0.7691365272212153,0.6963972979734802,0.7122907949790795,0.7353741243106274,0.7805245226210286,lstm
0.8341559597609651,0.7959027289076551,0.8105876353365762,0.8183976040156474,0.8413200139158092,0.7644596457195365,0.6812210684348805,0.7056331398085673,0.7281325637683858,0.7772655007949125,0.8227460948401355,0.7374566299592699,0.4799140691757202,0.8458353281021118,0.7691365272212153,0.6963972979734802,0.7122907949790795,0.7353741243106274,0.7805245226210286,lstm
0.8455557434426516,0.8117757447806709,0.8243239709189811,0.8313479273664883,0.8524924208538343,0.7644085966613916,0.6742149380708121,0.6967937653642973,0.7246136659839881,0.7742448330683623,0.8353591389414773,0.7340322823955348,0.4223722815513611,0.9178147315979004,0.7691365272212153,0.6963972979734802,0.7122907949790795,0.7353741243106274,0.7805245226210286,lstm
0.8560302718017272,0.8278207834858081,0.8359616088707569,0.8432440734526516,0.862203667809751,0.7611414569401196,0.6653321656449394,0.6912495423400805,0.7196052876559301,0.7713831478537362,0.8468407992095398,0.7294312867702522,0.3759324252605438,1.0049196481704712,0.7691365272212153,0.6963972979734802,0.7122907949790795,0.7353741243106274,0.7805245226210286,lstm
0.749571670596343,0.7557432168269607,0.7628275537423506,0.7558381174674613,0.7468813677252621,0.7713257440400224,0.6848492430877018,0.7107589309064283,0.7345187115993297,0.7814785373608903,0.7541389791900799,0.7434303816563586,0.7138653993606567,0.6550175547599792,0.7719186298782511,0.7074055541656242,0.7167364016736402,0.7398457296169324,0.7838523096426591,deep_lstm
0.7726520050920949,0.7804050355774493,0.7968055337622261,0.7833258478214833,0.7687093086824709,0.7758180611567717,0.6944826723382961,0.723050368743135,0.7423571029603426,0.7868044515103338,0.7805530204177069,0.7507919746568111,0.6178377866744995,0.6556956768035889,0.7719186298782511,0.7074055541656242,0.7167364016736402,0.7398457296169324,0.7838523096426591,deep_lstm
0.7873220877588721,0.7974196575181797,0.8252327527590354,0.8021614124579085,0.7879926445007703,0.773571902598397,0.6933566871012136,0.7178722736544798,0.7395643269409794,0.7831478537360891,0.7994735293895807,0.7478352692713833,0.5561394691467285,0.7204611897468567,0.7719186298782511,0.7074055541656242,0.7167364016736402,0.7398457296169324,0.7838523096426591,deep_lstm
0.8011052015301808,0.8095238095238095,0.8546537475809403,0.8188700057479422,0.8119874757715819,0.7683648986676196,0.682347053671963,0.7117527067315236,0.7326382424129585,0.7802066772655007,0.8175643568837163,0.7416654095640368,0.4882420897483826,0.7905282378196716,0.7719186298782511,0.7074055541656242,0.7167364016736402,0.7398457296169324,0.7838523096426591,deep_lstm
0.8085678642873779,0.8144342794589101,0.8696192269470161,0.8267472464564052,0.8274638437453407,0.7609372607075401,0.6723382960090079,0.7024425963701031,0.7242226773412771,0.7724960254372019,0.8268831883904934,0.7333836174385276,0.42586007714271545,0.8668310642242432,0.7719186298782511,0.7074055541656242,0.7167364016736402,0.7398457296169324,0.7838523096426591,deep_lstm
0.8181522332153899,0.8254281022753929,0.8811653329149014,0.8364698791535864,0.8403359673972467,0.7666037061616213,0.6673339171775303,0.6999320048119672,0.7252094582014522,0.7789348171701114,0.8372032945897224,0.7354050384673405,0.3729795515537262,0.9675738215446472,0.7719186298782511,0.7074055541656242,0.7167364016736402,0.7398457296169324,0.7838523096426591,deep_lstm
0.7785800202279958,0.7068574556259285,0.729516449605105,0.7485449793935106,0.7866905223398439,0.7646383174230436,0.6775928937820593,0.7090852032010042,0.7294544777508842,0.7751192368839428,0.755781371388057,0.7381203801478353,0.7553138732910156,0.6682664752006531,0.7655887082365554,0.6861396047035276,0.7123953974895396,0.7321135787747801,0.7770382695507487,bilstm
0.7995673633732894,0.7365392133865041,0.7578717506145719,0.7733495609921832,0.8081009890164504,0.7667568533360559,0.6735893907168773,0.7077252994403473,0.7294730962576801,0.777027027027027,0.7799420731477361,0.7384975109367928,0.6259648203849792,0.6644865274429321,0.7655887082365554,0.6861396047035276,0.7123953974895396,0.7321135787747801,0.7770382695507487,bilstm
0.8137365319516187,0.7569473766518101,0.7745894136722632,0.7893390797241919,0.822334874012226,0.7622645362193068,0.6705867634179907,0.7022856843977195,0.7247067585179668,0.7732114467408585,0.7955985397605991,0.7339116005430684,0.564673125743866,0.7001244425773621,0.7655887082365554,0.6861396047035276,0.7123953974895396,0.7321135787747801,0.7770382695507487,bilstm
0.818835007832765,0.7575729142231606,0.7738636957999896,0.7917383220197385,0.8272650464688633,0.752616264229925,0.6580758163392969,0.6865421831685757,0.7126419661143176,0.7627980922098568,0.798477911616295,0.7221602051591491,0.5115743279457092,0.7667170763015747,0.7655887082365554,0.6861396047035276,0.7123953974895396,0.7321135787747801,0.7770382695507487,bilstm
0.8383451329974763,0.7937289858472124,0.8080182017887965,0.8193493887866257,0.8450176432582873,0.7604267701260912,0.6603277868134618,0.6942308698153669,0.7198473282442748,0.7694753577106517,0.8242187794631206,0.7292653492231106,0.4636295735836029,0.814452052116394,0.7655887082365554,0.6861396047035276,0.7123953974895396,0.7321135787747801,0.7770382695507487,bilstm
0.8451601170288455,0.8067714442098679,0.8167072022595324,0.8273802182356377,0.8534466477809254,0.7469242942467711,0.6514450143875892,0.6801087923008525,0.7064978588717185,0.7573131955484896,0.8323251446285667,0.7161411977673857,0.4179864823818207,0.9125905036926271,0.7655887082365554,0.6861396047035276,0.7123953974895396,0.7321135787747801,0.7770382695507487,bilstm
0.7461546069738726,0.7537102197200719,0.7565183848527641,0.7518355018046678,0.7424481884598182,0.7623666343355965,0.6690854497685474,0.7017626444897745,0.7239992552597282,0.7748012718600953,0.7500546835519418,0.7336400663750191,0.7457002997398376,0.6881347894668579,0.7688302406901657,0.6902677007755816,0.7072698744769874,0.7327097928156208,0.7794152602804849,deep_bilstm
0.7690945579034353,0.7812025959809211,0.7967989957633768,0.7813152315815685,0.7667113960538741,0.7697176987084592,0.6808457400225197,0.7108112348972228,0.7329919940420778,0.7805246422893481,0.7785448141136363,0.7420123698898778,0.6248170733451843,0.6599669456481934,0.7688302406901657,0.6902677007755816,0.7072698744769874,0.7327097928156208,0.7794152602804849,deep_bilstm
0.7825841423999846,0.7914457737117836,0.8189497358648465,0.7962086852105678,0.7853088812683267,0.7693603553014446,0.6842236957337671,0.7108112348972228,0.7336622602867251,0.7786963434022257,0.7941409402553911,0.7422084779001358,0.5669203400611877,0.6927992701530457,0.7688302406901657,0.6902677007755816,0.7072698744769874,0.7327097928156208,0.7794152602804849,deep_bilstm
0.7934447255660808,0.7978106185002737,0.8375241905957425,0.8074369529855556,0.8034690124745291,0.7619327173413649,0.6643312898786438,0.6964799414195303,0.7215974678830758,0.7726550079491257,0.806684215687014,0.7312867702519232,0.5147629380226135,0.718235433101654,0.7688302406901657,0.6902677007755816,0.7072698744769874,0.7327097928156208,0.7794152602804849,deep_bilstm
0.8055528081499042,0.8113691453592932,0.8560463413358438,0.8210923882816445,0.8196411709159585,0.7616008984634234,0.6672088077067434,0.7006119566922956,0.7233103705082853,0.77241653418124,0.8208170854043942,0.7326293558606126,0.4705547988414765,0.7499898672103882,0.7688302406901657,0.6902677007755816,0.7072698744769874,0.7327097928156208,0.7794152602804849,deep_bilstm
0.8140332517619733,0.8195480491046994,0.8624274282127726,0.8288160402495585,0.8279707768003577,0.7673949665628669,0.6749655948955335,0.701501124535802,0.7282442748091604,0.7756756756756756,0.8286556897292976,0.7372454367174537,0.4286060929298401,0.831605076789856,0.7688302406901657,0.6902677007755816,0.7072698744769874,0.7327097928156208,0.7794152602804849,deep_bilstm
0.8189881535413351,0.8228790366721401,0.8765037397353418,0.8355809261401055,0.8380299189901098,0.7583337587421511,0.662079319404479,0.6904126784873685,0.7177992924967418,0.7670111287758347,0.8360455118003334,0.7271383315733897,0.3951452970504761,0.880626916885376,0.7688302406901657,0.6902677007755816,0.7072698744769874,0.7327097928156208,0.7794152602804849,deep_bilstm
0.7982464816368723,0.7374775197435297,0.7561261049218055,0.7724163930382413,0.8059142189751999,0.7717851855633263,0.6891029650944577,0.7160416339766724,0.7369018804691863,0.7834658187599364,0.7787710908802921,0.745738422084779,0.9184625148773192,0.8773157596588135,0.7695193853850276,0.690893169877408,0.7095711297071129,0.7342003279177225,0.7790983281831868,kim_cnn_label_smoothing
0.8424896387356545,0.8127609664555477,0.8192504838119149,0.8281155825085694,0.8496595596640326,0.772984838429731,0.6815963968472414,0.7069930435692243,0.7330106125488736,0.7852941176470589,0.8322025780466281,0.7429325690149345,0.8318692445755005,0.8966290354728699,0.7695193853850276,0.690893169877408,0.7095711297071129,0.7342003279177225,0.7790983281831868,kim_cnn_label_smoothing
0.8856001556981371,0.8781140042223786,0.8766148857157802,0.8802566328228447,0.8900054669251031,0.7637960079636531,0.6634555235831352,0.6913541503216696,0.7207223980636753,0.7738473767885534,0.882106033292855,0.7308040428420576,0.7382163405418396,0.963754415512085,0.7695193853850276,0.690893169877408,0.7095711297071129,0.7342003279177225,0.7790983281831868,kim_cnn_label_smoothing
0.9117593570432668,0.9168816952068184,0.9106974737172446,0.9118656610482664,0.9129466726305848,0.7584103323293685,0.6534467659201801,0.6768136408807992,0.7115062371997767,0.7679650238473767,0.9120707341172568,0.7222205460853824,0.6638687252998352,0.997894048690796,0.7695193853850276,0.690893169877408,0.7095711297071129,0.7342003279177225,0.7790983281831868,kim_cnn_label_smoothing
0.9259380972283816,0.9300648995230276,0.9255583451017312,0.9261145073873857,0.92723025694548,0.7601460003062943,0.6506943575628675,0.6773889847795387,0.7119344628560789,0.7706677265500796,0.9263261704165756,0.7230804042842057,0.6171946525573729,1.0374397039413452,0.7695193853850276,0.690893169877408,0.7095711297071129,0.7342003279177225,0.7790983281831868,kim_cnn_label_smoothing
0.7755585830193316,0.6963015091093909,0.7236910926303677,0.7434323360149305,0.7835495253715025,0.765072234417275,0.6810959589640936,0.7075160834771693,0.7293055296965183,0.7769475357710652,0.7510427587663391,0.7383466586212099,0.7701695561408997,0.6590749025344849,0.7687026213022283,0.6973980485364023,0.7112447698744769,0.7354300193769564,0.7779890658426433,lstm_cnn
0.7924716122095417,0.7282195636875439,0.7508434018515613,0.7660564229182325,0.8011729039312161,0.7699474194701108,0.6929813586888528,0.7133218264553587,0.7358033885682368,0.7807631160572337,0.7727181873722478,0.7443354955498567,0.6362939476966858,0.652819037437439,0.7687026213022283,0.6973980485364023,0.7112447698744769,0.7354300193769564,0.7779890658426433,lstm_cnn
0.8058750522450203,0.7474079286887169,0.7693394005962654,0.7822833060674533,0.8139356890810596,0.7687477666037063,0.6843488052045539,0.7115434907683457,0.7328244274809159,0.7815580286168523,0.7882879145578929,0.7420727108161109,0.5869368314743042,0.6815263628959656,0.7687026213022283,0.6973980485364023,0.7112447698744769,0.7354300193769564,0.7779890658426433,lstm_cnn
0.8156317100951737,0.7671280006255375,0.7835203201004237,0.7950334986351546,0.82396501167934,0.7636683853182907,0.6845990241461278,0.70484857994665,0.7282070377955688,0.7754372019077902,0.8005219450750862,0.7371700105596621,0.5436726808547974,0.7332572937011719,0.7687026213022283,0.6973980485364023,0.7112447698744769,0.7354300193769564,0.7779890658426433,lstm_cnn
0.8116084447096134,0.7663773555399171,0.7800944087033841,0.7911216399554127,0.8224541523781124,0.7404155393332994,0.6613286625797573,0.6812594800983315,0.7037609383727425,0.7567567567567567,0.7970655674644179,0.7138180721074069,0.5068567395210266,0.7707416415214539,0.7687026213022283,0.6973980485364023,0.7112447698744769,0.7354300193769564,0.7779890658426433,lstm_cnn
0.8336805699572788,0.8024552349675502,0.8112348972226582,0.8190235944884912,0.8423140002981959,0.7535606718056052,0.6723382960090079,0.6974737172446258,0.7183206106870229,0.7671701112877582,0.8234418958976021,0.7275908885201388,0.4748767018318176,0.8173778057098389,0.7687026213022283,0.6973980485364023,0.7112447698744769,0.7354300193769564,0.7779890658426433,lstm_cnn
0.7767518433319403,0.7006646336695598,0.7255740362989695,0.7453289242504986,0.7848019482133095,0.7680841288478228,0.6844739146753409,0.7084575553114703,0.7317631725935579,0.7794117647058824,0.7528171457448654,0.7408055513652134,0.7693954706192017,0.6544368863105774,0.7695959570177903,0.6932699524643483,0.7115062761506277,0.7345543300044717,0.7822676491561683,depp_lstm_kim_cnn
0.7917696943785953,0.7224489795918367,0.7460902766881113,0.7632592461585361,0.8000397594552955,0.7711470723365155,0.6868509946202928,0.7126941785658245,0.7346676596536957,0.7844992050874404,0.770236685497922,0.7441243023080404,0.6348364949226379,0.6534755825996399,0.7695959570177903,0.6932699524643483,0.7115062761506277,0.7345543300044717,0.7822676491561683,depp_lstm_kim_cnn
0.8020942675646959,0.7386660411290953,0.7608138500967624,0.7761234667305844,0.8099498036876894,0.7694879779468069,0.6853496809708495,0.7081960353574978,0.7325637683857754,0.7805246422893481,0.7825404846848342,0.7416654095640368,0.5815355777740479,0.7014077305793762,0.7695959570177903,0.6932699524643483,0.7115062761506277,0.7345543300044717,0.7822676491561683,depp_lstm_kim_cnn
0.8073650323679836,0.7491281570099304,0.7676591348919922,0.782592810650681,0.8157944436161224,0.7620858645157997,0.6790942074315026,0.7002458287567341,0.7246509029975797,0.7751987281399046,0.7888913192689752,0.7342434756373509,0.5354954004287721,0.7701401114463806,0.7695959570177903,0.6932699524643483,0.7115062761506277,0.7345543300044717,0.7822676491561683,depp_lstm_kim_cnn
0.8094293088980848,0.7632183908045977,0.7787148909461792,0.7892948647837308,0.8193628547288903,0.7465669508397569,0.6695858876516952,0.6904126784873685,0.7112641966114319,0.7630365659777425,0.7949989063289612,0.7210891537185096,0.4974204897880554,0.7981858849525452,0.7695959570177903,0.6932699524643483,0.7115062761506277,0.7345543300044717,0.7822676491561683,depp_lstm_kim_cnn
0.7936457293085791,0.723340370631011,0.7531120874522726,0.7662425910885952,0.8043834799463248,0.7240032671397213,0.6159139246840986,0.6539567969036038,0.6787562837460436,0.7420508744038157,0.7734781001802672,0.6907678382863177,0.4644503891468048,0.8560830950737,0.7695959570177903,0.6932699524643483,0.7115062761506277,0.7345543300044717,0.7822676491561683,depp_lstm_kim_cnn
0.7763051683486106,0.7004456955195871,0.7258943982425861,0.7449914944417165,0.7851995427662641,0.7680586043187502,0.6830977104966846,0.7102881949892776,0.7321169242226774,0.7797297297297298,0.7526191535740415,0.7411525116910543,0.7557113766670227,0.654723584651947,0.7700298629367772,0.6978984238178634,0.7137029288702927,0.7371627664331495,0.7787813960858886,depp_lstm_kim_cnn_dropout
0.7944880307057146,0.7327390726405504,0.7531186254511221,0.7686907025288617,0.8025346652750858,0.7699984685282557,0.6892280745652446,0.7177676656728909,0.7367156954012288,0.7813990461049285,0.7751110641796335,0.7451953537486801,0.6345674991607666,0.6476832628250122,0.7700298629367772,0.6978984238178634,0.7137029288702927,0.7371627664331495,0.7787813960858886,depp_lstm_kim_cnn_dropout
0.8024356548733836,0.7428727812964265,0.7644816674512265,0.7781364100726289,0.8106654738830079,0.7678799326152432,0.6877267609158013,0.7105497149432501,0.7323031092906349,0.7817170111287758,0.7843073291044719,0.7416804947955951,0.5803486108779907,0.6946312785148621,0.7700298629367772,0.6978984238178634,0.7137029288702927,0.7371627664331495,0.7787813960858886,depp_lstm_kim_cnn_dropout
0.8099908431628418,0.7604503870513722,0.7771130812280977,0.7889900144047621,0.8182197703891456,0.7614222267599163,0.6843488052045539,0.7076729954495526,0.7276857196052876,0.7748012718600953,0.7945350389573167,0.7366269422235632,0.531659722328186,0.7155792117118835,0.7700298629367772,0.6978984238178634,0.7137029288702927,0.7371627664331495,0.7787813960858886,depp_lstm_kim_cnn_dropout
0.7953622374588022,0.7325826882477129,0.7614676499816935,0.7714041036118953,0.8062621142090354,0.7311246107509316,0.6418115851369949,0.6748783932214028,0.6935021411282815,0.7495230524642289,0.7780168349914391,0.7041333534469754,0.4908400774002075,0.7860185503959656,0.7700298629367772,0.6978984238178634,0.7137029288702927,0.7371627664331495,0.7787813960858886,depp_lstm_kim_cnn_dropout
0.8129644223375778,0.7420126671358199,0.7623045138344056,0.7824043153781891,0.8213806470851349,0.7579253662769923,0.6677092455898912,0.6938124378890109,0.7182833736734314,0.77241653418124,0.7897983119753208,0.7285563433398703,0.4586382210254669,0.8541391491889954,0.7700298629367772,0.6978984238178634,0.7137029288702927,0.7371627664331495,0.7787813960858886,depp_lstm_kim_cnn_dropout
0.7759861147890896,0.7010399562123699,0.7269339400596265,0.7455337092378972,0.7838477212862184,0.7681096533768952,0.6863505567371451,0.7117004027407291,0.7336064047663378,0.7777424483306836,0.7528020606270883,0.7419821994267611,0.7545626163482666,0.6560627222061157,0.7689068123229281,0.6907680760570428,0.7119769874476987,0.7346661201371292,0.7787813960858886,depp_lstm_kim_cnn_dropout_cnn
0.7919866507990696,0.7323950269763078,0.7519875516501909,0.7670314787105059,0.7998906614979375,0.7691306345397928,0.6892280745652446,0.7148909461791935,0.7351889778439771,0.7808426073131955,0.7732650228916662,0.7438527681399909,0.6343426704406738,0.648032009601593,0.7689068123229281,0.6907680760570428,0.7119769874476987,0.7346661201371292,0.7787813960858886,depp_lstm_kim_cnn_dropout_cnn
0.8022346511308853,0.7434514035499256,0.7636578795962133,0.7775802326636709,0.8115302420356841,0.76303027209148,0.6753409233078944,0.6987290130236937,0.7235896481102215,0.7779809220985692,0.7840207118667079,0.7339116005430684,0.5824945569038391,0.6860221028327942,0.7689068123229281,0.6907680760570428,0.7119769874476987,0.7346661201371292,0.7787813960858886,depp_lstm_kim_cnn_dropout_cnn
0.8072693163001272,0.7517710532488857,0.7697512945237721,0.7837191280813741,0.8155459470205259,0.7619071928122927,0.6863505567371451,0.7033317642136095,0.72614038354124,0.7775834658187599,0.7897568279014339,0.7359028511087645,0.5391268730163574,0.7487335205078125,0.7689068123229281,0.6907680760570428,0.7119769874476987,0.7346661201371292,0.7787813960858886,depp_lstm_kim_cnn_dropout_cnn
0.8067237347133464,0.7555555555555555,0.7730399079449761,0.7849827445377096,0.8158540827990658,0.7510592679565062,0.6724634054797948,0.6972121972906533,0.7165704710482219,0.7665341812400635,0.7908391851019377,0.7260521949011919,0.5006258487701416,0.7734577059745789,0.7689068123229281,0.6907680760570428,0.7119769874476987,0.7346661201371292,0.7787813960858886,depp_lstm_kim_cnn_dropout_cnn
0.8165282505974278,0.7555086402377041,0.779505988806946,0.7924062003309139,0.8244918244620049,0.7480728980550309,0.657700487926936,0.6852345833987133,0.708583131632843,0.763751987281399,0.7984929967340719,0.7190526474581385,0.4708569645881653,0.7988793849945068,0.7689068123229281,0.6907680760570428,0.7119769874476987,0.7346661201371292,0.7787813960858886,depp_lstm_kim_cnn_dropout_cnn
0.7759318756839712,0.7001954804910471,0.7243971965060934,0.7446168309988619,0.7832016301376671,0.7670886722139977,0.6749655948955335,0.7055808358177729,0.7282256563023646,0.7810015898251192,0.7519365519946297,0.7382410620003018,0.6850554943084717,0.6731573939323425,0.7655631843589679,0.6793845384038029,0.7028242677824268,0.7287971381726039,0.7722842880912765,bilstm_conv2d
0.7845399407198487,0.7108608960825709,0.7368586223128825,0.7547676504878771,0.7923860643109191,0.7679054571443157,0.6682096834730389,0.7059992677441289,0.7282628933159561,0.7797297297297298,0.7619040435658201,0.7380298687584854,0.6093282103538513,0.7018693685531616,0.7655631843589679,0.6793845384038029,0.7028242677824268,0.7287971381726039,0.7722842880912765,bilstm_conv2d
0.7827979082848636,0.7029791226835562,0.7305952194152413,0.7502344555395501,0.7917896724814871,0.7654551023533616,0.6545727511572627,0.6949108216956954,0.7209085831316328,0.7779809220985692,0.7581176790037788,0.7317393271986724,0.5822342038154602,0.7318463325500488,0.7655631843589679,0.6793845384038029,0.7028242677824268,0.7287971381726039,0.7722842880912765,bilstm_conv2d
0.7780503913191907,0.6832590507467354,0.7180945656153565,0.7405048415359805,0.7870185378460315,0.7630047475624074,0.6468159639684724,0.6841885035828233,0.7147830943958295,0.7752782193958665,0.749328712258921,0.726263388143008,0.5656442046165466,0.7434074878692627,0.7655631843589679,0.6793845384038029,0.7028242677824268,0.7287971381726039,0.7722842880912765,bilstm_conv2d
0.7859501574529316,0.706826178747361,0.7310921073277891,0.7525964642010244,0.7947219323095274,0.7646893664811885,0.6459401976729638,0.6896804226162456,0.7174083038540309,0.7771065182829888,0.7605878670397719,0.7287373661185699,0.5545948147773743,0.7407715320587158,0.7655631843589679,0.6793845384038029,0.7028242677824268,0.7287971381726039,0.7722842880912765,bilstm_conv2d
0.7133590915907053,0.5578231292517006,0.5781683142423767,0.6391641979991576,0.7258784354654341,0.7142273725049773,0.5567371450018767,0.5762330665829802,0.6383168869856638,0.7285373608903021,0.6556143037086762,0.6554382259767687,1.0960532426834106,1.076014518737793,0.7671201408918042,0.6906429822366775,0.7132845188284518,0.7336413772544342,0.7794944933048095,cnn_lstm
0.7134420455161808,0.5570099304089452,0.5770241644437472,0.6386778336540856,0.7259579543760251,0.7142273725049773,0.5557362692355812,0.5754485067210628,0.6378514243157699,0.7286963434022258,0.6552352901245276,0.6550912656509278,1.0840831995010376,1.0774910449981692,0.7671201408918042,0.6906429822366775,0.7132845188284518,0.7336413772544342,0.7794944933048095,cnn_lstm
0.7133814253398718,0.5557744937055282,0.5770699304356922,0.638482357075205,0.725888375329258,0.7143294706212671,0.5549856124108595,0.5755008107118573,0.6377955687953826,0.7288553259141495,0.6550636969098136,0.6550761804193694,1.0830459594726562,1.0775412321090698,0.7671201408918042,0.6906429822366775,0.7132845188284518,0.7336413772544342,0.7794944933048095,cnn_lstm
0.7630070159877739,0.6322308233638283,0.6751137611799779,0.7099406821667182,0.77292381094379,0.7532033283985909,0.6237958213436757,0.6694910821695695,0.7013777695028859,0.7650238473767884,0.7218888830224542,0.7134560265500075,0.8534256815910339,0.7184286117553711,0.7671201408918042,0.6906429822366775,0.7132845188284518,0.7336413772544342,0.7794944933048095,cnn_lstm
0.7972606061379524,0.7346938775510203,0.7550734871070662,0.7709363560838596,0.8057949406093137,0.7674204910919393,0.6773426748404854,0.7127987865474136,0.7320238316886986,0.7782988871224166,0.7775491963403505,0.7408055513652134,0.6595878005027771,0.6585495471954346,0.7671201408918042,0.6906429822366775,0.7132845188284518,0.7336413772544342,0.7794944933048095,cnn_lstm
0.8191030128227625,0.7709281413714911,0.7861682096343952,0.7978004230671671,0.8294021171909944,0.7601715248353668,0.6763417990741899,0.7074637794863748,0.725991435486874,0.7727344992050873,0.8037954156327075,0.7348619701312415,0.5891523957252502,0.6799300312995911,0.7671201408918042,0.6906429822366775,0.7132845188284518,0.7336413772544342,0.7794944933048095,cnn_lstm
0.8324139273259802,0.7918836500117287,0.805494534232962,0.8145695210125686,0.8419462253367129,0.7559855020674868,0.6673339171775303,0.7006642606830901,0.7192701545336065,0.7723370429252783,0.8197630127997224,0.7293407753809021,0.5431560277938843,0.7069432735443115,0.7671201408918042,0.6906429822366775,0.7132845188284518,0.7336413772544342,0.7794944933048095,cnn_lstm
0.8489313301023843,0.8110876534521855,0.8219310633401329,0.8319064318775758,0.8565478852939715,0.7637194343764357,0.6722131865382209,0.702965636278048,0.7245578104636008,0.7804451510333863,0.8365810334814189,0.7351636747624075,0.5054939985275269,0.7390609383583069,0.7671201408918042,0.6906429822366775,0.7132845188284518,0.7336413772544342,0.7794944933048095,cnn_lstm
0.8548019155975713,0.8217374306044257,0.8351312830168942,0.8407145134378512,0.86405248248099,0.7483026188166828,0.6451895408482422,0.6848161514723573,0.7063116738037609,0.7655802861685215,0.8451418378198988,0.7175592095338663,0.470038652420044,0.7942872047424316,0.7671201408918042,0.6906429822366775,0.7132845188284518,0.7336413772544342,0.7794944933048095,cnn_lstm
0.7206654181037371,0.5986394557823129,0.6407369632302945,0.6719577212085107,0.7296357039908553,0.14712338557353616,0.2350806956086576,0.22773157591924265,0.19015080990504565,0.14181240063593006,0.6828995104879282,0.18097752300497816,0.8431614498287785,1.779435045010335,0.5564460552847188,0.5298974230673005,0.5631799163179916,0.5469332240274258,0.5902860312178115,roberta_finetune
0.7236070919225209,0.6077253890061772,0.6436136827239919,0.6753948510538282,0.7342676805327766,0.13778140793302365,0.2438383585637433,0.2325435430723364,0.1876373114876187,0.1363275039745628,0.6865633084680308,0.177900135767084,0.8286544849024546,1.7518208178774268,0.5564460552847188,0.5298974230673005,0.5631799163179916,0.5469332240274258,0.5902860312178115,roberta_finetune
0.7242451990415633,0.6039878020173587,0.6447055285318269,0.6753413277048489,0.7357685999701803,0.1472765327479708,0.24083573126485674,0.2328050630263089,0.1915844349283188,0.14753577106518284,0.6868046703524637,0.1832252225071655,0.8260770866855921,1.7251512470392647,0.5564460552847188,0.5298974230673005,0.5631799163179916,0.5469332240274258,0.5902860312178115,roberta_finetune
0.7251513111506029,0.6059895222456799,0.6466407761912234,0.6769958973189456,0.7357387803787087,0.13387615498494052,0.2379582134367572,0.230189863486584,0.18411841370322102,0.13187599364069952,0.6881397032757334,0.17420425403529946,0.8236960508648493,1.815915307483157,0.5564460552847188,0.5298974230673005,0.5631799163179916,0.5469332240274258,0.5902860312178115,roberta_finetune
0.725381029713458,0.6110876534521855,0.6447774465191695,0.6768911777231167,0.7373092788628796,0.14995660830057686,0.2384586513199049,0.23175898321041896,0.19272016384285984,0.14793322734499206,0.6883527805643342,0.1842208477900136,0.8212296330733189,1.7811143163548473,0.5564460552847188,0.5298974230673005,0.5631799163179916,0.5469332240274258,0.5902860312178115,roberta_finetune
0.7260989002223803,0.6088826335131754,0.6458235263350594,0.6771983552042149,0.7384225436111526,0.13208943794986985,0.23620668084574006,0.2303467754589675,0.18253584062558187,0.1321939586645469,0.6888128766565345,0.1729823502790768,0.8199452047297393,1.7814921195902882,0.5564460552847188,0.5298974230673005,0.5631799163179916,0.5469332240274258,0.5902860312178115,roberta_finetune
0.7260638043308331,0.6101806239737274,0.6453004864271144,0.6773635794554116,0.7376372943690671,0.1377558834039512,0.2279494557738021,0.22752235995606465,0.1833736734313908,0.13672496025437206,0.6887977915387574,0.17452104389802384,0.8196797747610849,1.7952698050318538,0.5564460552847188,0.5298974230673005,0.5631799163179916,0.5469332240274258,0.5902860312178115,roberta_finetune
0.7263860484259493,0.6082101806239737,0.6467192321774151,0.6777801307365976,0.7377665125987772,0.1294348869263362,0.22844989365694984,0.2297714315602281,0.17989201266058466,0.12941176470588234,0.6891598343654068,0.1703122642932569,0.8179845159233307,1.801749774848172,0.5564460552847188,0.5298974230673005,0.5631799163179916,0.5469332240274258,0.5902860312178115,roberta_finetune
0.7260957096867852,0.6111502072093206,0.6465884722004289,0.6779639718048306,0.7377466328711296,0.1479912195619991,0.23433003878393596,0.232072807155186,0.1918450940234593,0.14340222575516692,0.689305028624011,0.18265198370794988,0.8178001204397688,1.7753456264849334,0.5564460552847188,0.5298974230673005,0.5631799163179916,0.5469332240274258,0.5902860312178115,roberta_finetune
